{
  "name": "Customers",
  "schema": {
    "columns": [
      {
        "name": "CustomerID",
        "type": "System.String"
      },
      {
        "name": "CompanyName",
        "type": "System.String"
      },
      {
        "name": "Address",
        "type": "System.String"
      },
      {
        "name": "City",
        "type": "System.String"
      },
      {
        "name": "Region",
        "type": "System.String"
      },
      {
        "name": "PostalCode",
        "type": "System.String"
      },
      {
        "name": "Country",
        "type": "System.String"
      },
      {
        "name": "ContactName",
        "type": "System.String"
      },
      {
        "name": "ContactTitle",
        "type": "System.String"
      },
      {
        "name": "Phone",
        "type": "System.String"
      },
      {
        "name": "Fax",
        "type": "System.String"
      }
    ]
  },
  "data": [
    {
      "CustomerID": "ALFKI",
      "CompanyName": "Alfreds Futterkiste",
      "Address": "Obere Str. 57",
      "City": "Berlin",
      "PostalCode": "12209",
      "Country": "Germany",
      "ContactName": "Maria Anders",
      "ContactTitle": "Sales Representative",
      "Phone": "030-0074321",
      "Fax": "030-0076545"
    },
    {
      "CustomerID": "ANATR",
      "CompanyName": "Ana Trujillo Emparedados y helados",
      "Address": "Avda. de la Constitución 2222",
      "City": "México D.F.",
      "PostalCode": "05021",
      "Country": "Mexico",
      "ContactName": "Ana Trujillo",
      "ContactTitle": "Owner",
      "Phone": "(5) 555-4729",
      "Fax": "(5) 555-3745"
    },
    {
      "CustomerID": "ANTON",
      "CompanyName": "Antonio Moreno Taquería",
      "Address": "Mataderos  2312",
      "City": "México D.F.",
      "PostalCode": "05023",
      "Country": "Mexico",
      "ContactName": "Antonio Moreno",
      "ContactTitle": "Owner",
      "Phone": "(5) 555-3932"
    },
    {
      "CustomerID": "AROUT",
      "CompanyName": "Around the Horn",
      "Address": "120 Hanover Sq.",
      "City": "London",
      "PostalCode": "WA1 1DP",
      "Country": "UK",
      "ContactName": "Thomas Hardy",
      "ContactTitle": "Sales Representative",
      "Phone": "(171) 555-7788",
      "Fax": "(171) 555-6750"
    },
    {
      "CustomerID": "BERGS",
      "CompanyName": "Berglunds snabbköp",
      "Address": "Berguvsvägen  8",
      "City": "Luleå",
      "PostalCode": "S-958 22",
      "Country": "Sweden",
      "ContactName": "Christina Berglund",
      "ContactTitle": "Order Administrator",
      "Phone": "0921-12 34 65",
      "Fax": "0921-12 34 67"
    },
    {
      "CustomerID": "BLAUS",
      "CompanyName": "Blauer See Delikatessen",
      "Address": "Forsterstr. 57",
      "City": "Mannheim",
      "PostalCode": "68306",
      "Country": "Germany",
      "ContactName": "Hanna Moos",
      "ContactTitle": "Sales Representative",
      "Phone": "0621-08460",
      "Fax": "0621-08924"
    },
    {
      "CustomerID": "BLONP",
      "CompanyName": "Blondesddsl père et fils",
      "Address": "24, place Kléber",
      "City": "Strasbourg",
      "PostalCode": "67000",
      "Country": "France",
      "ContactName": "Frédérique Citeaux",
      "ContactTitle": "Marketing Manager",
      "Phone": "88.60.15.31",
      "Fax": "88.60.15.32"
    },
    {
      "CustomerID": "BOLID",
      "CompanyName": "Bólido Comidas preparadas",
      "Address": "C/ Araquil, 67",
      "City": "Madrid",
      "PostalCode": "28023",
      "Country": "Spain",
      "ContactName": "Martín Sommer",
      "ContactTitle": "Owner",
      "Phone": "(91) 555 22 82",
      "Fax": "(91) 555 91 99"
    },
    {
      "CustomerID": "BONAP",
      "CompanyName": "Bon app'",
      "Address": "12, rue des Bouchers",
      "City": "Marseille",
      "PostalCode": "13008",
      "Country": "France",
      "ContactName": "Laurence Lebihan",
      "ContactTitle": "Owner",
      "Phone": "91.24.45.40",
      "Fax": "91.24.45.41"
    },
    {
      "CustomerID": "BOTTM",
      "CompanyName": "Bottom-Dollar Markets",
      "Address": "23 Tsawassen Blvd.",
      "City": "Tsawassen",
      "Region": "BC",
      "PostalCode": "T2F 8M4",
      "Country": "Canada",
      "ContactName": "Elizabeth Lincoln",
      "ContactTitle": "Accounting Manager",
      "Phone": "(604) 555-4729",
      "Fax": "(604) 555-3745"
    },
    {
      "CustomerID": "BSBEV",
      "CompanyName": "B's Beverages",
      "Address": "Fauntleroy Circus",
      "City": "London",
      "PostalCode": "EC2 5NT",
      "Country": "UK",
      "ContactName": "Victoria Ashworth",
      "ContactTitle": "Sales Representative",
      "Phone": "(171) 555-1212"
    },
    {
      "CustomerID": "CACTU",
      "CompanyName": "Cactus Comidas para llevar",
      "Address": "Cerrito 333",
      "City": "Buenos Aires",
      "PostalCode": "1010",
      "Country": "Argentina",
      "ContactName": "Patricio Simpson",
      "ContactTitle": "Sales Agent",
      "Phone": "(1) 135-5555",
      "Fax": "(1) 135-4892"
    },
    {
      "CustomerID": "CENTC",
      "CompanyName": "Centro comercial Moctezuma",
      "Address": "Sierras de Granada 9993",
      "City": "México D.F.",
      "PostalCode": "05022",
      "Country": "Mexico",
      "ContactName": "Francisco Chang",
      "ContactTitle": "Marketing Manager",
      "Phone": "(5) 555-3392",
      "Fax": "(5) 555-7293"
    },
    {
      "CustomerID": "CHOPS",
      "CompanyName": "Chop-suey Chinese",
      "Address": "Hauptstr. 29",
      "City": "Bern",
      "PostalCode": "3012",
      "Country": "Switzerland",
      "ContactName": "Yang Wang",
      "ContactTitle": "Owner",
      "Phone": "0452-076545"
    },
    {
      "CustomerID": "COMMI",
      "CompanyName": "Comércio Mineiro",
      "Address": "Av. dos Lusíadas, 23",
      "City": "Sao Paulo",
      "Region": "SP",
      "PostalCode": "05432-043",
      "Country": "Brazil",
      "ContactName": "Pedro Afonso",
      "ContactTitle": "Sales Associate",
      "Phone": "(11) 555-7647"
    },
    {
      "CustomerID": "CONSH",
      "CompanyName": "Consolidated Holdings",
      "Address": "Berkeley Gardens 12  Brewery",
      "City": "London",
      "PostalCode": "WX1 6LT",
      "Country": "UK",
      "ContactName": "Elizabeth Brown",
      "ContactTitle": "Sales Representative",
      "Phone": "(171) 555-2282",
      "Fax": "(171) 555-9199"
    },
    {
      "CustomerID": "DRACD",
      "CompanyName": "Drachenblut Delikatessen",
      "Address": "Walserweg 21",
      "City": "Aachen",
      "PostalCode": "52066",
      "Country": "Germany",
      "ContactName": "Sven Ottlieb",
      "ContactTitle": "Order Administrator",
      "Phone": "0241-039123",
      "Fax": "0241-059428"
    },
    {
      "CustomerID": "DUMON",
      "CompanyName": "Du monde entier",
      "Address": "67, rue des Cinquante Otages",
      "City": "Nantes",
      "PostalCode": "44000",
      "Country": "France",
      "ContactName": "Janine Labrune",
      "ContactTitle": "Owner",
      "Phone": "40.67.88.88",
      "Fax": "40.67.89.89"
    },
    {
      "CustomerID": "EASTC",
      "CompanyName": "Eastern Connection",
      "Address": "35 King George",
      "City": "London",
      "PostalCode": "WX3 6FW",
      "Country": "UK",
      "ContactName": "Ann Devon",
      "ContactTitle": "Sales Agent",
      "Phone": "(171) 555-0297",
      "Fax": "(171) 555-3373"
    },
    {
      "CustomerID": "ERNSH",
      "CompanyName": "Ernst Handel",
      "Address": "Kirchgasse 6",
      "City": "Graz",
      "PostalCode": "8010",
      "Country": "Austria",
      "ContactName": "Roland Mendel",
      "ContactTitle": "Sales Manager",
      "Phone": "7675-3425",
      "Fax": "7675-3426"
    },
    {
      "CustomerID": "FAMIA",
      "CompanyName": "Familia Arquibaldo",
      "Address": "Rua Orós, 92",
      "City": "Sao Paulo",
      "Region": "SP",
      "PostalCode": "05442-030",
      "Country": "Brazil",
      "ContactName": "Aria Cruz",
      "ContactTitle": "Marketing Assistant",
      "Phone": "(11) 555-9857"
    },
    {
      "CustomerID": "FISSA",
      "CompanyName": "FISSA Fabrica Inter. Salchichas S.A.",
      "Address": "C/ Moralzarzal, 86",
      "City": "Madrid",
      "PostalCode": "28034",
      "Country": "Spain",
      "ContactName": "Diego Roel",
      "ContactTitle": "Accounting Manager",
      "Phone": "(91) 555 94 44",
      "Fax": "(91) 555 55 93"
    },
    {
      "CustomerID": "FOLIG",
      "CompanyName": "Folies Gourmandes",
      "Address": "184, chaussée de Tournai",
      "City": "Lille",
      "PostalCode": "59000",
      "Country": "France",
      "ContactName": "Martine Rancé",
      "ContactTitle": "Assistant Sales Agent",
      "Phone": "20.16.10.16",
      "Fax": "20.16.10.17"
    },
    {
      "CustomerID": "FOLKO",
      "CompanyName": "Folk och fä HB",
      "Address": "Åkergatan 24",
      "City": "Bräcke",
      "PostalCode": "S-844 67",
      "Country": "Sweden",
      "ContactName": "Maria Larsson",
      "ContactTitle": "Owner",
      "Phone": "0695-34 67 21"
    },
    {
      "CustomerID": "FRANK",
      "CompanyName": "Frankenversand",
      "Address": "Berliner Platz 43",
      "City": "München",
      "PostalCode": "80805",
      "Country": "Germany",
      "ContactName": "Peter Franken",
      "ContactTitle": "Marketing Manager",
      "Phone": "089-0877310",
      "Fax": "089-0877451"
    },
    {
      "CustomerID": "FRANR",
      "CompanyName": "France restauration",
      "Address": "54, rue Royale",
      "City": "Nantes",
      "PostalCode": "44000",
      "Country": "France",
      "ContactName": "Carine Schmitt",
      "ContactTitle": "Marketing Manager",
      "Phone": "40.32.21.21",
      "Fax": "40.32.21.20"
    },
    {
      "CustomerID": "FRANS",
      "CompanyName": "Franchi S.p.A.",
      "Address": "Via Monte Bianco 34",
      "City": "Torino",
      "PostalCode": "10100",
      "Country": "Italy",
      "ContactName": "Paolo Accorti",
      "ContactTitle": "Sales Representative",
      "Phone": "011-4988260",
      "Fax": "011-4988261"
    },
    {
      "CustomerID": "FURIB",
      "CompanyName": "Furia Bacalhau e Frutos do Mar",
      "Address": "Jardim das rosas n. 32",
      "City": "Lisboa",
      "PostalCode": "1675",
      "Country": "Portugal",
      "ContactName": "Lino Rodriguez",
      "ContactTitle": "Sales Manager",
      "Phone": "(1) 354-2534",
      "Fax": "(1) 354-2535"
    },
    {
      "CustomerID": "GALED",
      "CompanyName": "Galería del gastrónomo",
      "Address": "Rambla de Cataluña, 23",
      "City": "Barcelona",
      "PostalCode": "08022",
      "Country": "Spain",
      "ContactName": "Eduardo Saavedra",
      "ContactTitle": "Marketing Manager",
      "Phone": "(93) 203 4560",
      "Fax": "(93) 203 4561"
    },
    {
      "CustomerID": "GODOS",
      "CompanyName": "Godos Cocina Típica",
      "Address": "C/ Romero, 33",
      "City": "Sevilla",
      "PostalCode": "41101",
      "Country": "Spain",
      "ContactName": "José Pedro Freyre",
      "ContactTitle": "Sales Manager",
      "Phone": "(95) 555 82 82"
    },
    {
      "CustomerID": "GOURL",
      "CompanyName": "Gourmet Lanchonetes",
      "Address": "Av. Brasil, 442",
      "City": "Campinas",
      "Region": "SP",
      "PostalCode": "04876-786",
      "Country": "Brazil",
      "ContactName": "André Fonseca",
      "ContactTitle": "Sales Associate",
      "Phone": "(11) 555-9482"
    },
    {
      "CustomerID": "GREAL",
      "CompanyName": "Great Lakes Food Market",
      "Address": "2732 Baker Blvd.",
      "City": "Eugene",
      "Region": "OR",
      "PostalCode": "97403",
      "Country": "USA",
      "ContactName": "Howard Snyder",
      "ContactTitle": "Marketing Manager",
      "Phone": "(503) 555-7555"
    },
    {
      "CustomerID": "GROSR",
      "CompanyName": "GROSELLA-Restaurante",
      "Address": "5ª Ave. Los Palos Grandes",
      "City": "Caracas",
      "Region": "DF",
      "PostalCode": "1081",
      "Country": "Venezuela",
      "ContactName": "Manuel Pereira",
      "ContactTitle": "Owner",
      "Phone": "(2) 283-2951",
      "Fax": "(2) 283-3397"
    },
    {
      "CustomerID": "HANAR",
      "CompanyName": "Hanari Carnes",
      "Address": "Rua do Paço, 67",
      "City": "Rio de Janeiro",
      "Region": "RJ",
      "PostalCode": "05454-876",
      "Country": "Brazil",
      "ContactName": "Mario Pontes",
      "ContactTitle": "Accounting Manager",
      "Phone": "(21) 555-0091",
      "Fax": "(21) 555-8765"
    },
    {
      "CustomerID": "HILAA",
      "CompanyName": "HILARION-Abastos",
      "Address": "Carrera 22 con Ave. Carlos Soublette #8-35",
      "City": "San Cristóbal",
      "Region": "Táchira",
      "PostalCode": "5022",
      "Country": "Venezuela",
      "ContactName": "Carlos Hernández",
      "ContactTitle": "Sales Representative",
      "Phone": "(5) 555-1340",
      "Fax": "(5) 555-1948"
    },
    {
      "CustomerID": "HUNGC",
      "CompanyName": "Hungry Coyote Import Store",
      "Address": "City Center Plaza 516 Main St.",
      "City": "Elgin",
      "Region": "OR",
      "PostalCode": "97827",
      "Country": "USA",
      "ContactName": "Yoshi Latimer",
      "ContactTitle": "Sales Representative",
      "Phone": "(503) 555-6874",
      "Fax": "(503) 555-2376"
    },
    {
      "CustomerID": "HUNGO",
      "CompanyName": "Hungry Owl All-Night Grocers",
      "Address": "8 Johnstown Road",
      "City": "Cork",
      "Region": "Co. Cork",
      "Country": "Ireland",
      "ContactName": "Patricia McKenna",
      "ContactTitle": "Sales Associate",
      "Phone": "2967 542",
      "Fax": "2967 3333"
    },
    {
      "CustomerID": "ISLAT",
      "CompanyName": "Island Trading",
      "Address": "Garden House Crowther Way",
      "City": "Cowes",
      "Region": "Isle of Wight",
      "PostalCode": "PO31 7PJ",
      "Country": "UK",
      "ContactName": "Helen Bennett",
      "ContactTitle": "Marketing Manager",
      "Phone": "(198) 555-8888"
    },
    {
      "CustomerID": "KOENE",
      "CompanyName": "Königlich Essen",
      "Address": "Maubelstr. 90",
      "City": "Brandenburg",
      "PostalCode": "14776",
      "Country": "Germany",
      "ContactName": "Philip Cramer",
      "ContactTitle": "Sales Associate",
      "Phone": "0555-09876"
    },
    {
      "CustomerID": "LACOR",
      "CompanyName": "La corne d'abondance",
      "Address": "67, avenue de l'Europe",
      "City": "Versailles",
      "PostalCode": "78000",
      "Country": "France",
      "ContactName": "Daniel Tonini",
      "ContactTitle": "Sales Representative",
      "Phone": "30.59.84.10",
      "Fax": "30.59.85.11"
    },
    {
      "CustomerID": "LAMAI",
      "CompanyName": "La maison d'Asie",
      "Address": "1 rue Alsace-Lorraine",
      "City": "Toulouse",
      "PostalCode": "31000",
      "Country": "France",
      "ContactName": "Annette Roulet",
      "ContactTitle": "Sales Manager",
      "Phone": "61.77.61.10",
      "Fax": "61.77.61.11"
    },
    {
      "CustomerID": "LAUGB",
      "CompanyName": "Laughing Bacchus Wine Cellars",
      "Address": "1900 Oak St.",
      "City": "Vancouver",
      "Region": "BC",
      "PostalCode": "V3F 2K1",
      "Country": "Canada",
      "ContactName": "Yoshi Tannamuri",
      "ContactTitle": "Marketing Assistant",
      "Phone": "(604) 555-3392",
      "Fax": "(604) 555-7293"
    },
    {
      "CustomerID": "LAZYK",
      "CompanyName": "Lazy K Kountry Store",
      "Address": "12 Orchestra Terrace",
      "City": "Walla Walla",
      "Region": "WA",
      "PostalCode": "99362",
      "Country": "USA",
      "ContactName": "John Steel",
      "ContactTitle": "Marketing Manager",
      "Phone": "(509) 555-7969",
      "Fax": "(509) 555-6221"
    },
    {
      "CustomerID": "LEHMS",
      "CompanyName": "Lehmanns Marktstand",
      "Address": "Magazinweg 7",
      "City": "Frankfurt a.M.",
      "PostalCode": "60528",
      "Country": "Germany",
      "ContactName": "Renate Messner",
      "ContactTitle": "Sales Representative",
      "Phone": "069-0245984",
      "Fax": "069-0245874"
    },
    {
      "CustomerID": "LETSS",
      "CompanyName": "Let's Stop N Shop",
      "Address": "87 Polk St. Suite 5",
      "City": "San Francisco",
      "Region": "CA",
      "PostalCode": "94117",
      "Country": "USA",
      "ContactName": "Jaime Yorres",
      "ContactTitle": "Owner",
      "Phone": "(415) 555-5938"
    },
    {
      "CustomerID": "LILAS",
      "CompanyName": "LILA-Supermercado",
      "Address": "Carrera 52 con Ave. Bolívar #65-98 Llano Lar;",
      "City": "Barquisimeto",
      "Region": "Lara",
      "PostalCode": "3508",
      "Country": "Venezuela",
      "ContactName": "Carlos ;nzález",
      "ContactTitle": "Accounting Manager",
      "Phone": "(9) 331-6954",
      "Fax": "(9) 331-7256"
    },
    {
      "CustomerID": "LINOD",
      "CompanyName": "LINO-Delicateses",
      "Address": "Ave. 5 de Mayo Porlamar",
      "City": "I. de Margarita",
      "Region": "Nueva Esparta",
      "PostalCode": "4980",
      "Country": "Venezuela",
      "ContactName": "Felipe Izquierdo",
      "ContactTitle": "Owner",
      "Phone": "(8) 34-56-12",
      "Fax": "(8) 34-93-93"
    },
    {
      "CustomerID": "LONEP",
      "CompanyName": "Lonesome Pine Restaurant",
      "Address": "89 Chiaroscuro Rd.",
      "City": "Portland",
      "Region": "OR",
      "PostalCode": "97219",
      "Country": "USA",
      "ContactName": "Fran Wilson",
      "ContactTitle": "Sales Manager",
      "Phone": "(503) 555-9573",
      "Fax": "(503) 555-9646"
    },
    {
      "CustomerID": "MAGAA",
      "CompanyName": "Magazzini Alimentari Riuniti",
      "Address": "Via Ludovico il Moro 22",
      "City": "Bergamo",
      "PostalCode": "24100",
      "Country": "Italy",
      "ContactName": "Giovanni Rovelli",
      "ContactTitle": "Marketing Manager",
      "Phone": "035-640230",
      "Fax": "035-640231"
    },
    {
      "CustomerID": "MAISD",
      "CompanyName": "Maison Dewey",
      "Address": "Rue Joseph-Bens 532",
      "City": "Bruxelles",
      "PostalCode": "B-1180",
      "Country": "Belgium",
      "ContactName": "Catherine Dewey",
      "ContactTitle": "Sales Agent",
      "Phone": "(02) 201 24 67",
      "Fax": "(02) 201 24 68"
    },
    {
      "CustomerID": "MEREP",
      "CompanyName": "Mère Paillarde",
      "Address": "43 rue St. Laurent",
      "City": "Montréal",
      "Region": "Québec",
      "PostalCode": "H1J 1C3",
      "Country": "Canada",
      "ContactName": "Jean Fresnière",
      "ContactTitle": "Marketing Assistant",
      "Phone": "(514) 555-8054",
      "Fax": "(514) 555-8055"
    },
    {
      "CustomerID": "MORGK",
      "CompanyName": "Morgenstern Gesundkost",
      "Address": "Heerstr. 22",
      "City": "Leipzig",
      "PostalCode": "04179",
      "Country": "Germany",
      "ContactName": "Alexander Feuer",
      "ContactTitle": "Marketing Assistant",
      "Phone": "0342-023176"
    },
    {
      "CustomerID": "NORTS",
      "CompanyName": "North/South",
      "Address": "South House 300 Queensbridge",
      "City": "London",
      "PostalCode": "SW7 1RZ",
      "Country": "UK",
      "ContactName": "Simon Crowther",
      "ContactTitle": "Sales Associate",
      "Phone": "(171) 555-7733",
      "Fax": "(171) 555-2530"
    },
    {
      "CustomerID": "OCEAN",
      "CompanyName": "Océano Atlántico Ltda.",
      "Address": "Ing. Gustavo Moncada 8585 Piso 20-A",
      "City": "Buenos Aires",
      "PostalCode": "1010",
      "Country": "Argentina",
      "ContactName": "Yvonne Moncada",
      "ContactTitle": "Sales Agent",
      "Phone": "(1) 135-5333",
      "Fax": "(1) 135-5535"
    },
    {
      "CustomerID": "OLDWO",
      "CompanyName": "Old World Delicatessen",
      "Address": "2743 Bering St.",
      "City": "Anchorage",
      "Region": "AK",
      "PostalCode": "99508",
      "Country": "USA",
      "ContactName": "Rene Phillips",
      "ContactTitle": "Sales Representative",
      "Phone": "(907) 555-7584",
      "Fax": "(907) 555-2880"
    },
    {
      "CustomerID": "OTTIK",
      "CompanyName": "Ottilies Käseladen",
      "Address": "Mehrheimerstr. 369",
      "City": "Köln",
      "PostalCode": "50739",
      "Country": "Germany",
      "ContactName": "Henriette Pfalzheim",
      "ContactTitle": "Owner",
      "Phone": "0221-0644327",
      "Fax": "0221-0765721"
    },
    {
      "CustomerID": "PARIS",
      "CompanyName": "Paris spécialités",
      "Address": "265, boulevard Charonne",
      "City": "Paris",
      "PostalCode": "75012",
      "Country": "France",
      "ContactName": "Marie Bertrand",
      "ContactTitle": "Owner",
      "Phone": "(1) 42.34.22.66",
      "Fax": "(1) 42.34.22.77"
    },
    {
      "CustomerID": "PERIC",
      "CompanyName": "Pericles Comidas clásicas",
      "Address": "Calle Dr. Jorge Cash 321",
      "City": "México D.F.",
      "PostalCode": "05033",
      "Country": "Mexico",
      "ContactName": "Guillermo Fernández",
      "ContactTitle": "Sales Representative",
      "Phone": "(5) 552-3745",
      "Fax": "(5) 545-3745"
    },
    {
      "CustomerID": "PICCO",
      "CompanyName": "Piccolo und mehr",
      "Address": "Geislweg 14",
      "City": "Salzburg",
      "PostalCode": "5020",
      "Country": "Austria",
      "ContactName": "Georg Pipps",
      "ContactTitle": "Sales Manager",
      "Phone": "6562-9722",
      "Fax": "6562-9723"
    },
    {
      "CustomerID": "PRINI",
      "CompanyName": "Princesa Isabel Vinhos",
      "Address": "Estrada da saúde n. 58",
      "City": "Lisboa",
      "PostalCode": "1756",
      "Country": "Portugal",
      "ContactName": "Isabel de Castro",
      "ContactTitle": "Sales Representative",
      "Phone": "(1) 356-5634"
    },
    {
      "CustomerID": "QUEDE",
      "CompanyName": "Que Delícia",
      "Address": "Rua da Panificadora, 12",
      "City": "Rio de Janeiro",
      "Region": "RJ",
      "PostalCode": "02389-673",
      "Country": "Brazil",
      "ContactName": "Bernardo Batista",
      "ContactTitle": "Accounting Manager",
      "Phone": "(21) 555-4252",
      "Fax": "(21) 555-4545"
    },
    {
      "CustomerID": "QUEEN",
      "CompanyName": "Queen Cozinha",
      "Address": "Alameda dos Canàrios, 891",
      "City": "Sao Paulo",
      "Region": "SP",
      "PostalCode": "05487-020",
      "Country": "Brazil",
      "ContactName": "Lúcia Carvalho",
      "ContactTitle": "Marketing Assistant",
      "Phone": "(11) 555-1189"
    },
    {
      "CustomerID": "QUICK",
      "CompanyName": "QUICK-Stop",
      "Address": "Taucherstraße 10",
      "City": "Cunewalde",
      "PostalCode": "01307",
      "Country": "Germany",
      "ContactName": "Horst Kloss",
      "ContactTitle": "Accounting Manager",
      "Phone": "0372-035188"
    },
    {
      "CustomerID": "RANCH",
      "CompanyName": "Rancho grande",
      "Address": "Av. del Libertador 900",
      "City": "Buenos Aires",
      "PostalCode": "1010",
      "Country": "Argentina",
      "ContactName": "Sergio Gutiérrez",
      "ContactTitle": "Sales Representative",
      "Phone": "(1) 123-5555",
      "Fax": "(1) 123-5556"
    },
    {
      "CustomerID": "RATTC",
      "CompanyName": "Rattlesnake Canyon Grocery",
      "Address": "2817 Milton Dr.",
      "City": "Albuquerque",
      "Region": "NM",
      "PostalCode": "87110",
      "Country": "USA",
      "ContactName": "Paula Wilson",
      "ContactTitle": "Assistant Sales Representative",
      "Phone": "(505) 555-5939",
      "Fax": "(505) 555-3620"
    },
    {
      "CustomerID": "REGGC",
      "CompanyName": "Reggiani Caseifici",
      "Address": "Strada Provinciale 124",
      "City": "Reggio Emilia",
      "PostalCode": "42100",
      "Country": "Italy",
      "ContactName": "Maurizio Moroni",
      "ContactTitle": "Sales Associate",
      "Phone": "0522-556721",
      "Fax": "0522-556722"
    },
    {
      "CustomerID": "RICAR",
      "CompanyName": "Ricardo Adocicados",
      "Address": "Av. Copacabana, 267",
      "City": "Rio de Janeiro",
      "Region": "RJ",
      "PostalCode": "02389-890",
      "Country": "Brazil",
      "ContactName": "Janete Limeira",
      "ContactTitle": "Assistant Sales Agent",
      "Phone": "(21) 555-3412"
    },
    {
      "CustomerID": "RICSU",
      "CompanyName": "Richter Supermarkt",
      "Address": "Grenzacherweg 237",
      "City": "Genève",
      "PostalCode": "1203",
      "Country": "Switzerland",
      "ContactName": "Michael Holz",
      "ContactTitle": "Sales Manager",
      "Phone": "0897-034214"
    },
    {
      "CustomerID": "ROMEY",
      "CompanyName": "Romero y tomillo",
      "Address": "Gran Vía, 1",
      "City": "Madrid",
      "PostalCode": "28001",
      "Country": "Spain",
      "ContactName": "Alejandra Camino",
      "ContactTitle": "Accounting Manager",
      "Phone": "(91) 745 6200",
      "Fax": "(91) 745 6210"
    },
    {
      "CustomerID": "SANTG",
      "CompanyName": "Santé Gourmet",
      "Address": "Erling Skakkes gate 78",
      "City": "Stavern",
      "PostalCode": "4110",
      "Country": "Norway",
      "ContactName": "Jonas Bergulfsen",
      "ContactTitle": "Owner",
      "Phone": "07-98 92 35",
      "Fax": "07-98 92 47"
    },
    {
      "CustomerID": "SAVEA",
      "CompanyName": "Save-a-lot Markets",
      "Address": "187 Suffolk Ln.",
      "City": "Boise",
      "Region": "ID",
      "PostalCode": "83720",
      "Country": "USA",
      "ContactName": "Jose Pavarotti",
      "ContactTitle": "Sales Representative",
      "Phone": "(208) 555-8097"
    },
    {
      "CustomerID": "SEVES",
      "CompanyName": "Seven Seas Imports",
      "Address": "90 Wadhurst Rd.",
      "City": "London",
      "PostalCode": "OX15 4NB",
      "Country": "UK",
      "ContactName": "Hari Kumar",
      "ContactTitle": "Sales Manager",
      "Phone": "(171) 555-1717",
      "Fax": "(171) 555-5646"
    },
    {
      "CustomerID": "SIMOB",
      "CompanyName": "Simons bistro",
      "Address": "Vinbæltet 34",
      "City": "Kobenhavn",
      "PostalCode": "1734",
      "Country": "Denmark",
      "ContactName": "Jytte Petersen",
      "ContactTitle": "Owner",
      "Phone": "31 12 34 56",
      "Fax": "31 13 35 57"
    },
    {
      "CustomerID": "SPECD",
      "CompanyName": "Spécialités du monde",
      "Address": "25, rue Lauriston",
      "City": "Paris",
      "PostalCode": "75016",
      "Country": "France",
      "ContactName": "Dominique Perrier",
      "ContactTitle": "Marketing Manager",
      "Phone": "(1) 47.55.60.10",
      "Fax": "(1) 47.55.60.20"
    },
    {
      "CustomerID": "SPLIR",
      "CompanyName": "Split Rail Beer & Ale",
      "Address": "P.O. Box 555",
      "City": "Lander",
      "Region": "WY",
      "PostalCode": "82520",
      "Country": "USA",
      "ContactName": "Art Braunschweiger",
      "ContactTitle": "Sales Manager",
      "Phone": "(307) 555-4680",
      "Fax": "(307) 555-6525"
    },
    {
      "CustomerID": "SUPRD",
      "CompanyName": "Suprêmes délices",
      "Address": "Boulevard Tirou, 255",
      "City": "Charleroi",
      "PostalCode": "B-6000",
      "Country": "Belgium",
      "ContactName": "Pascale Cartrain",
      "ContactTitle": "Accounting Manager",
      "Phone": "(071) 23 67 22 20",
      "Fax": "(071) 23 67 22 21"
    },
    {
      "CustomerID": "THEBI",
      "CompanyName": "The Big Cheese",
      "Address": "89 Jefferson Way Suite 2",
      "City": "Portland",
      "Region": "OR",
      "PostalCode": "97201",
      "Country": "USA",
      "ContactName": "Liz Nixon",
      "ContactTitle": "Marketing Manager",
      "Phone": "(503) 555-3612"
    },
    {
      "CustomerID": "THECR",
      "CompanyName": "The Cracker Box",
      "Address": "55 Grizzly Peak Rd.",
      "City": "Butte",
      "Region": "MT",
      "PostalCode": "59801",
      "Country": "USA",
      "ContactName": "Liu Wong",
      "ContactTitle": "Marketing Assistant",
      "Phone": "(406) 555-5834",
      "Fax": "(406) 555-8083"
    },
    {
      "CustomerID": "TOMSP",
      "CompanyName": "Toms Spezialitäten",
      "Address": "Luisenstr. 48",
      "City": "Münster",
      "PostalCode": "44087",
      "Country": "Germany",
      "ContactName": "Karin Josephs",
      "ContactTitle": "Marketing Manager",
      "Phone": "0251-031259",
      "Fax": "0251-035695"
    },
    {
      "CustomerID": "TORTU",
      "CompanyName": "Tortuga Restaurante",
      "Address": "Avda. Azteca 123",
      "City": "México D.F.",
      "PostalCode": "05033",
      "Country": "Mexico",
      "ContactName": "Miguel Angel Paolino",
      "ContactTitle": "Owner",
      "Phone": "(5) 555-2933"
    },
    {
      "CustomerID": "TRADH",
      "CompanyName": "Tradição Hipermercados",
      "Address": "Av. Inês de Castro, 414",
      "City": "Sao Paulo",
      "Region": "SP",
      "PostalCode": "05634-030",
      "Country": "Brazil",
      "ContactName": "Anabela Domingues",
      "ContactTitle": "Sales Representative",
      "Phone": "(11) 555-2167",
      "Fax": "(11) 555-2168"
    },
    {
      "CustomerID": "TRAIH",
      "CompanyName": "Trail's Head Gourmet Provisioners",
      "Address": "722 DaVinci Blvd.",
      "City": "Kirkland",
      "Region": "WA",
      "PostalCode": "98034",
      "Country": "USA",
      "ContactName": "Helvetius Nagy",
      "ContactTitle": "Sales Associate",
      "Phone": "(206) 555-8257",
      "Fax": "(206) 555-2174"
    },
    {
      "CustomerID": "VAFFE",
      "CompanyName": "Vaffeljernet",
      "Address": "Smagsloget 45",
      "City": "Århus",
      "PostalCode": "8200",
      "Country": "Denmark",
      "ContactName": "Palle Ibsen",
      "ContactTitle": "Sales Manager",
      "Phone": "86 21 32 43",
      "Fax": "86 22 33 44"
    },
    {
      "CustomerID": "VICTE",
      "CompanyName": "Victuailles en stock",
      "Address": "2, rue du Commerce",
      "City": "Lyon",
      "PostalCode": "69004",
      "Country": "France",
      "ContactName": "Mary Saveley",
      "ContactTitle": "Sales Agent",
      "Phone": "78.32.54.86",
      "Fax": "78.32.54.87"
    },
    {
      "CustomerID": "VINET",
      "CompanyName": "Vins et alcools Chevalier",
      "Address": "59 rue de l'Abbaye",
      "City": "Reims",
      "PostalCode": "51100",
      "Country": "France",
      "ContactName": "Paul Henriot",
      "ContactTitle": "Accounting Manager",
      "Phone": "26.47.15.10",
      "Fax": "26.47.15.11"
    },
    {
      "CustomerID": "WANDK",
      "CompanyName": "Die Wandernde Kuh",
      "Address": "Adenauerallee 900",
      "City": "Stuttgart",
      "PostalCode": "70563",
      "Country": "Germany",
      "ContactName": "Rita Müller",
      "ContactTitle": "Sales Representative",
      "Phone": "0711-020361",
      "Fax": "0711-035428"
    },
    {
      "CustomerID": "WARTH",
      "CompanyName": "Wartian Herkku",
      "Address": "Torikatu 38",
      "City": "Oulu",
      "PostalCode": "90110",
      "Country": "Finland",
      "ContactName": "Pirkko Koskitalo",
      "ContactTitle": "Accounting Manager",
      "Phone": "981-443655",
      "Fax": "981-443655"
    },
    {
      "CustomerID": "WELLI",
      "CompanyName": "Wellington Importadora",
      "Address": "Rua do Mercado, 12",
      "City": "Resende",
      "Region": "SP",
      "PostalCode": "08737-363",
      "Country": "Brazil",
      "ContactName": "Paula Parente",
      "ContactTitle": "Sales Manager",
      "Phone": "(14) 555-8122"
    },
    {
      "CustomerID": "WHITC",
      "CompanyName": "White Clover Markets",
      "Address": "305 - 14th Ave. S. Suite 3B",
      "City": "Seattle",
      "Region": "WA",
      "PostalCode": "98128",
      "Country": "USA",
      "ContactName": "Karl Jablonski",
      "ContactTitle": "Owner",
      "Phone": "(206) 555-4112",
      "Fax": "(206) 555-4115"
    },
    {
      "CustomerID": "WILMK",
      "CompanyName": "Wilman Kala",
      "Address": "Keskuskatu 45",
      "City": "Helsinki",
      "PostalCode": "21240",
      "Country": "Finland",
      "ContactName": "Matti Karttunen",
      "ContactTitle": "Owner/Marketing Assistant",
      "Phone": "90-224 8858",
      "Fax": "90-224 8858"
    },
    {
      "CustomerID": "WOLZA",
      "CompanyName": "Wolski  Zajazd",
      "Address": "ul. Filtrowa 68",
      "City": "Warszawa",
      "PostalCode": "01-012",
      "Country": "Poland",
      "ContactName": "Zbyszek Piestrzeniewicz",
      "ContactTitle": "Owner",
      "Phone": "(26) 642-7012",
      "Fax": "(26) 642-7012"
    }
  ]
}