{
  "name": "Products",
  "schema": {
    "columns": [
      {
        "name": "ProductID",
        "type": "System.Int32"
      },
      {
        "name": "Discontinued",
        "type": "System.Boolean"
      },
      {
        "name": "ProductName",
        "type": "System.String"
      },
      {
        "name": "SupplierID",
        "type": "System.Int32"
      },
      {
        "name": "CategoryID",
        "type": "System.Int32"
      },
      {
        "name": "QuantityPerUnit",
        "type": "System.String"
      },
      {
        "name": "UnitPrice",
        "type": "System.Decimal"
      },
      {
        "name": "UnitsInStock",
        "type": "System.Int16"
      },
      {
        "name": "UnitsOnOrder",
        "type": "System.Int16"
      },
      {
        "name": "ReorderLevel",
        "type": "System.Int16"
      }
    ]
  },
  "data": [
    {
      "ProductID": 1,
      "Discontinued": false,
      "ProductName": "Chai",
      "SupplierID": 1,
      "CategoryID": 1,
      "QuantityPerUnit": "10 boxes x 20 bags",
      "UnitPrice": 18.00,
      "UnitsInStock": 39,
      "UnitsOnOrder": 0,
      "ReorderLevel": 10
    },
    {
      "ProductID": 2,
      "Discontinued": false,
      "ProductName": "Chang",
      "SupplierID": 1,
      "CategoryID": 1,
      "QuantityPerUnit": "24 - 12 oz bottles",
      "UnitPrice": 19.00,
      "UnitsInStock": 17,
      "UnitsOnOrder": 40,
      "ReorderLevel": 25
    },
    {
      "ProductID": 3,
      "Discontinued": false,
      "ProductName": "Aniseed Syrup",
      "SupplierID": 1,
      "CategoryID": 2,
      "QuantityPerUnit": "12 - 550 ml bottles",
      "UnitPrice": 10.00,
      "UnitsInStock": 13,
      "UnitsOnOrder": 70,
      "ReorderLevel": 25
    },
    {
      "ProductID": 4,
      "Discontinued": false,
      "ProductName": "Chef Anton's Cajun Seasoning",
      "SupplierID": 2,
      "CategoryID": 2,
      "QuantityPerUnit": "48 - 6 oz jars",
      "UnitPrice": 22.00,
      "UnitsInStock": 53,
      "UnitsOnOrder": 0,
      "ReorderLevel": 0
    },
    {
      "ProductID": 5,
      "Discontinued": true,
      "ProductName": "Chef Anton's Gumbo Mix",
      "SupplierID": 2,
      "CategoryID": 2,
      "QuantityPerUnit": "36 boxes",
      "UnitPrice": 21.35,
      "UnitsInStock": 0,
      "UnitsOnOrder": 0,
      "ReorderLevel": 0
    },
    {
      "ProductID": 6,
      "Discontinued": false,
      "ProductName": "Grandma's Boysenberry Spread",
      "SupplierID": 3,
      "CategoryID": 2,
      "QuantityPerUnit": "12 - 8 oz jars",
      "UnitPrice": 25.00,
      "UnitsInStock": 120,
      "UnitsOnOrder": 0,
      "ReorderLevel": 25
    },
    {
      "ProductID": 7,
      "Discontinued": false,
      "ProductName": "Uncle Bob's Organic Dried Pears",
      "SupplierID": 3,
      "CategoryID": 7,
      "QuantityPerUnit": "12 - 1 lb pkgs.",
      "UnitPrice": 30.00,
      "UnitsInStock": 15,
      "UnitsOnOrder": 0,
      "ReorderLevel": 10
    },
    {
      "ProductID": 8,
      "Discontinued": false,
      "ProductName": "Northwoods Cranberry Sauce",
      "SupplierID": 3,
      "CategoryID": 2,
      "QuantityPerUnit": "12 - 12 oz jars",
      "UnitPrice": 40.00,
      "UnitsInStock": 6,
      "UnitsOnOrder": 0,
      "ReorderLevel": 0
    },
    {
      "ProductID": 9,
      "Discontinued": true,
      "ProductName": "Mishi Kobe Niku",
      "SupplierID": 4,
      "CategoryID": 6,
      "QuantityPerUnit": "18 - 500 g pkgs.",
      "UnitPrice": 97.00,
      "UnitsInStock": 29,
      "UnitsOnOrder": 0,
      "ReorderLevel": 0
    },
    {
      "ProductID": 10,
      "Discontinued": false,
      "ProductName": "Ikura",
      "SupplierID": 4,
      "CategoryID": 8,
      "QuantityPerUnit": "12 - 200 ml jars",
      "UnitPrice": 31.00,
      "UnitsInStock": 31,
      "UnitsOnOrder": 0,
      "ReorderLevel": 0
    },
    {
      "ProductID": 11,
      "Discontinued": false,
      "ProductName": "Queso Cabrales",
      "SupplierID": 5,
      "CategoryID": 4,
      "QuantityPerUnit": "1 kg pkg.",
      "UnitPrice": 21.00,
      "UnitsInStock": 22,
      "UnitsOnOrder": 30,
      "ReorderLevel": 30
    },
    {
      "ProductID": 12,
      "Discontinued": false,
      "ProductName": "Queso Manchego La Pastora",
      "SupplierID": 5,
      "CategoryID": 4,
      "QuantityPerUnit": "10 - 500 g pkgs.",
      "UnitPrice": 38.00,
      "UnitsInStock": 86,
      "UnitsOnOrder": 0,
      "ReorderLevel": 0
    },
    {
      "ProductID": 13,
      "Discontinued": false,
      "ProductName": "Konbu",
      "SupplierID": 6,
      "CategoryID": 8,
      "QuantityPerUnit": "2 kg box",
      "UnitPrice": 6.00,
      "UnitsInStock": 24,
      "UnitsOnOrder": 0,
      "ReorderLevel": 5
    },
    {
      "ProductID": 14,
      "Discontinued": false,
      "ProductName": "Tofu",
      "SupplierID": 6,
      "CategoryID": 7,
      "QuantityPerUnit": "40 - 100 g pkgs.",
      "UnitPrice": 23.25,
      "UnitsInStock": 35,
      "UnitsOnOrder": 0,
      "ReorderLevel": 0
    },
    {
      "ProductID": 15,
      "Discontinued": false,
      "ProductName": "Genen Shouyu",
      "SupplierID": 6,
      "CategoryID": 2,
      "QuantityPerUnit": "24 - 250 ml bottles",
      "UnitPrice": 15.50,
      "UnitsInStock": 39,
      "UnitsOnOrder": 0,
      "ReorderLevel": 5
    },
    {
      "ProductID": 16,
      "Discontinued": false,
      "ProductName": "Pavlova",
      "SupplierID": 7,
      "CategoryID": 3,
      "QuantityPerUnit": "32 - 500 g boxes",
      "UnitPrice": 17.45,
      "UnitsInStock": 29,
      "UnitsOnOrder": 0,
      "ReorderLevel": 10
    },
    {
      "ProductID": 17,
      "Discontinued": true,
      "ProductName": "Alice Mutton",
      "SupplierID": 7,
      "CategoryID": 6,
      "QuantityPerUnit": "20 - 1 kg tins",
      "UnitPrice": 39.00,
      "UnitsInStock": 0,
      "UnitsOnOrder": 0,
      "ReorderLevel": 0
    },
    {
      "ProductID": 18,
      "Discontinued": false,
      "ProductName": "Carnarvon Tigers",
      "SupplierID": 7,
      "CategoryID": 8,
      "QuantityPerUnit": "16 kg pkg.",
      "UnitPrice": 62.50,
      "UnitsInStock": 42,
      "UnitsOnOrder": 0,
      "ReorderLevel": 0
    },
    {
      "ProductID": 19,
      "Discontinued": false,
      "ProductName": "Teatime Chocolate Biscuits",
      "SupplierID": 8,
      "CategoryID": 3,
      "QuantityPerUnit": "10 boxes x 12 pieces",
      "UnitPrice": 9.20,
      "UnitsInStock": 25,
      "UnitsOnOrder": 0,
      "ReorderLevel": 5
    },
    {
      "ProductID": 20,
      "Discontinued": false,
      "ProductName": "Sir Rodney's Marmalade",
      "SupplierID": 8,
      "CategoryID": 3,
      "QuantityPerUnit": "30 gift boxes",
      "UnitPrice": 81.00,
      "UnitsInStock": 40,
      "UnitsOnOrder": 0,
      "ReorderLevel": 0
    },
    {
      "ProductID": 21,
      "Discontinued": false,
      "ProductName": "Sir Rodney's Scones",
      "SupplierID": 8,
      "CategoryID": 3,
      "QuantityPerUnit": "24 pkgs. x 4 pieces",
      "UnitPrice": 10.00,
      "UnitsInStock": 3,
      "UnitsOnOrder": 40,
      "ReorderLevel": 5
    },
    {
      "ProductID": 22,
      "Discontinued": false,
      "ProductName": "Gustaf's Knäckebröd",
      "SupplierID": 9,
      "CategoryID": 5,
      "QuantityPerUnit": "24 - 500 g pkgs.",
      "UnitPrice": 21.00,
      "UnitsInStock": 104,
      "UnitsOnOrder": 0,
      "ReorderLevel": 25
    },
    {
      "ProductID": 23,
      "Discontinued": false,
      "ProductName": "Tunnbröd",
      "SupplierID": 9,
      "CategoryID": 5,
      "QuantityPerUnit": "12 - 250 g pkgs.",
      "UnitPrice": 9.00,
      "UnitsInStock": 61,
      "UnitsOnOrder": 0,
      "ReorderLevel": 25
    },
    {
      "ProductID": 24,
      "Discontinued": true,
      "ProductName": "Guaraná Fantástica",
      "SupplierID": 10,
      "CategoryID": 1,
      "QuantityPerUnit": "12 - 355 ml cans",
      "UnitPrice": 4.50,
      "UnitsInStock": 20,
      "UnitsOnOrder": 0,
      "ReorderLevel": 0
    },
    {
      "ProductID": 25,
      "Discontinued": false,
      "ProductName": "NuNuCa Nuß-Nougat-Creme",
      "SupplierID": 11,
      "CategoryID": 3,
      "QuantityPerUnit": "20 - 450 g glasses",
      "UnitPrice": 14.00,
      "UnitsInStock": 76,
      "UnitsOnOrder": 0,
      "ReorderLevel": 30
    },
    {
      "ProductID": 26,
      "Discontinued": false,
      "ProductName": "Gumbär Gummibärchen",
      "SupplierID": 11,
      "CategoryID": 3,
      "QuantityPerUnit": "100 - 250 g bags",
      "UnitPrice": 31.23,
      "UnitsInStock": 15,
      "UnitsOnOrder": 0,
      "ReorderLevel": 0
    },
    {
      "ProductID": 27,
      "Discontinued": false,
      "ProductName": "Schoggi Schokolade",
      "SupplierID": 11,
      "CategoryID": 3,
      "QuantityPerUnit": "100 - 100 g pieces",
      "UnitPrice": 43.90,
      "UnitsInStock": 49,
      "UnitsOnOrder": 0,
      "ReorderLevel": 30
    },
    {
      "ProductID": 28,
      "Discontinued": true,
      "ProductName": "Rössle Sauerkraut",
      "SupplierID": 12,
      "CategoryID": 7,
      "QuantityPerUnit": "25 - 825 g cans",
      "UnitPrice": 45.60,
      "UnitsInStock": 26,
      "UnitsOnOrder": 0,
      "ReorderLevel": 0
    },
    {
      "ProductID": 29,
      "Discontinued": true,
      "ProductName": "Thüringer Rostbratwurst",
      "SupplierID": 12,
      "CategoryID": 6,
      "QuantityPerUnit": "50 bags x 30 sausgs.",
      "UnitPrice": 123.79,
      "UnitsInStock": 0,
      "UnitsOnOrder": 0,
      "ReorderLevel": 0
    },
    {
      "ProductID": 30,
      "Discontinued": false,
      "ProductName": "Nord-Ost Matjeshering",
      "SupplierID": 13,
      "CategoryID": 8,
      "QuantityPerUnit": "10 - 200 g glasses",
      "UnitPrice": 25.89,
      "UnitsInStock": 10,
      "UnitsOnOrder": 0,
      "ReorderLevel": 15
    },
    {
      "ProductID": 31,
      "Discontinued": false,
      "ProductName": "Gorgonzola Telino",
      "SupplierID": 14,
      "CategoryID": 4,
      "QuantityPerUnit": "12 - 100 g pkgs",
      "UnitPrice": 12.50,
      "UnitsInStock": 0,
      "UnitsOnOrder": 70,
      "ReorderLevel": 20
    },
    {
      "ProductID": 32,
      "Discontinued": false,
      "ProductName": "Mascarpone Fabioli",
      "SupplierID": 14,
      "CategoryID": 4,
      "QuantityPerUnit": "24 - 200 g pkgs.",
      "UnitPrice": 32.00,
      "UnitsInStock": 9,
      "UnitsOnOrder": 40,
      "ReorderLevel": 25
    },
    {
      "ProductID": 33,
      "Discontinued": false,
      "ProductName": "Geitost",
      "SupplierID": 15,
      "CategoryID": 4,
      "QuantityPerUnit": "500 g",
      "UnitPrice": 2.50,
      "UnitsInStock": 112,
      "UnitsOnOrder": 0,
      "ReorderLevel": 20
    },
    {
      "ProductID": 34,
      "Discontinued": false,
      "ProductName": "Sasquatch Ale",
      "SupplierID": 16,
      "CategoryID": 1,
      "QuantityPerUnit": "24 - 12 oz bottles",
      "UnitPrice": 14.00,
      "UnitsInStock": 111,
      "UnitsOnOrder": 0,
      "ReorderLevel": 15
    },
    {
      "ProductID": 35,
      "Discontinued": false,
      "ProductName": "Steeleye Stout",
      "SupplierID": 16,
      "CategoryID": 1,
      "QuantityPerUnit": "24 - 12 oz bottles",
      "UnitPrice": 18.00,
      "UnitsInStock": 20,
      "UnitsOnOrder": 0,
      "ReorderLevel": 15
    },
    {
      "ProductID": 36,
      "Discontinued": false,
      "ProductName": "Inlagd Sill",
      "SupplierID": 17,
      "CategoryID": 8,
      "QuantityPerUnit": "24 - 250 g  jars",
      "UnitPrice": 19.00,
      "UnitsInStock": 112,
      "UnitsOnOrder": 0,
      "ReorderLevel": 20
    },
    {
      "ProductID": 37,
      "Discontinued": false,
      "ProductName": "Gravad lax",
      "SupplierID": 17,
      "CategoryID": 8,
      "QuantityPerUnit": "12 - 500 g pkgs.",
      "UnitPrice": 26.00,
      "UnitsInStock": 11,
      "UnitsOnOrder": 50,
      "ReorderLevel": 25
    },
    {
      "ProductID": 38,
      "Discontinued": false,
      "ProductName": "Côte de Blaye",
      "SupplierID": 18,
      "CategoryID": 1,
      "QuantityPerUnit": "12 - 75 cl bottles",
      "UnitPrice": 263.50,
      "UnitsInStock": 17,
      "UnitsOnOrder": 0,
      "ReorderLevel": 15
    },
    {
      "ProductID": 39,
      "Discontinued": false,
      "ProductName": "Chartreuse verte",
      "SupplierID": 18,
      "CategoryID": 1,
      "QuantityPerUnit": "750 cc per bottle",
      "UnitPrice": 18.00,
      "UnitsInStock": 69,
      "UnitsOnOrder": 0,
      "ReorderLevel": 5
    },
    {
      "ProductID": 40,
      "Discontinued": false,
      "ProductName": "Boston Crab Meat",
      "SupplierID": 19,
      "CategoryID": 8,
      "QuantityPerUnit": "24 - 4 oz tins",
      "UnitPrice": 18.40,
      "UnitsInStock": 123,
      "UnitsOnOrder": 0,
      "ReorderLevel": 30
    },
    {
      "ProductID": 41,
      "Discontinued": false,
      "ProductName": "Jack's New England Clam Chowder",
      "SupplierID": 19,
      "CategoryID": 8,
      "QuantityPerUnit": "12 - 12 oz cans",
      "UnitPrice": 9.65,
      "UnitsInStock": 85,
      "UnitsOnOrder": 0,
      "ReorderLevel": 10
    },
    {
      "ProductID": 42,
      "Discontinued": true,
      "ProductName": "Singaporean Hokkien Fried Mee",
      "SupplierID": 20,
      "CategoryID": 5,
      "QuantityPerUnit": "32 - 1 kg pkgs.",
      "UnitPrice": 14.00,
      "UnitsInStock": 26,
      "UnitsOnOrder": 0,
      "ReorderLevel": 0
    },
    {
      "ProductID": 43,
      "Discontinued": false,
      "ProductName": "Ipoh Coffee",
      "SupplierID": 20,
      "CategoryID": 1,
      "QuantityPerUnit": "16 - 500 g tins",
      "UnitPrice": 46.00,
      "UnitsInStock": 17,
      "UnitsOnOrder": 10,
      "ReorderLevel": 25
    },
    {
      "ProductID": 44,
      "Discontinued": false,
      "ProductName": "Gula Malacca",
      "SupplierID": 20,
      "CategoryID": 2,
      "QuantityPerUnit": "20 - 2 kg bags",
      "UnitPrice": 19.45,
      "UnitsInStock": 27,
      "UnitsOnOrder": 0,
      "ReorderLevel": 15
    },
    {
      "ProductID": 45,
      "Discontinued": false,
      "ProductName": "Rogede sild",
      "SupplierID": 21,
      "CategoryID": 8,
      "QuantityPerUnit": "1k pkg.",
      "UnitPrice": 9.50,
      "UnitsInStock": 5,
      "UnitsOnOrder": 70,
      "ReorderLevel": 15
    },
    {
      "ProductID": 46,
      "Discontinued": false,
      "ProductName": "Spegesild",
      "SupplierID": 21,
      "CategoryID": 8,
      "QuantityPerUnit": "4 - 450 g glasses",
      "UnitPrice": 12.00,
      "UnitsInStock": 95,
      "UnitsOnOrder": 0,
      "ReorderLevel": 0
    },
    {
      "ProductID": 47,
      "Discontinued": false,
      "ProductName": "Zaanse koeken",
      "SupplierID": 22,
      "CategoryID": 3,
      "QuantityPerUnit": "10 - 4 oz boxes",
      "UnitPrice": 9.50,
      "UnitsInStock": 36,
      "UnitsOnOrder": 0,
      "ReorderLevel": 0
    },
    {
      "ProductID": 48,
      "Discontinued": false,
      "ProductName": "Chocolade",
      "SupplierID": 22,
      "CategoryID": 3,
      "QuantityPerUnit": "10 pkgs.",
      "UnitPrice": 12.75,
      "UnitsInStock": 15,
      "UnitsOnOrder": 70,
      "ReorderLevel": 25
    },
    {
      "ProductID": 49,
      "Discontinued": false,
      "ProductName": "Maxilaku",
      "SupplierID": 23,
      "CategoryID": 3,
      "QuantityPerUnit": "24 - 50 g pkgs.",
      "UnitPrice": 20.00,
      "UnitsInStock": 10,
      "UnitsOnOrder": 60,
      "ReorderLevel": 15
    },
    {
      "ProductID": 50,
      "Discontinued": false,
      "ProductName": "Valkoinen suklaa",
      "SupplierID": 23,
      "CategoryID": 3,
      "QuantityPerUnit": "12 - 100 g bars",
      "UnitPrice": 16.25,
      "UnitsInStock": 65,
      "UnitsOnOrder": 0,
      "ReorderLevel": 30
    },
    {
      "ProductID": 51,
      "Discontinued": false,
      "ProductName": "Manjimup Dried Apples",
      "SupplierID": 24,
      "CategoryID": 7,
      "QuantityPerUnit": "50 - 300 g pkgs.",
      "UnitPrice": 53.00,
      "UnitsInStock": 20,
      "UnitsOnOrder": 0,
      "ReorderLevel": 10
    },
    {
      "ProductID": 52,
      "Discontinued": false,
      "ProductName": "Filo Mix",
      "SupplierID": 24,
      "CategoryID": 5,
      "QuantityPerUnit": "16 - 2 kg boxes",
      "UnitPrice": 7.00,
      "UnitsInStock": 38,
      "UnitsOnOrder": 0,
      "ReorderLevel": 25
    },
    {
      "ProductID": 53,
      "Discontinued": true,
      "ProductName": "Perth Pasties",
      "SupplierID": 24,
      "CategoryID": 6,
      "QuantityPerUnit": "48 pieces",
      "UnitPrice": 32.80,
      "UnitsInStock": 0,
      "UnitsOnOrder": 0,
      "ReorderLevel": 0
    },
    {
      "ProductID": 54,
      "Discontinued": false,
      "ProductName": "Tourtière",
      "SupplierID": 25,
      "CategoryID": 6,
      "QuantityPerUnit": "16 pies",
      "UnitPrice": 7.45,
      "UnitsInStock": 21,
      "UnitsOnOrder": 0,
      "ReorderLevel": 10
    },
    {
      "ProductID": 55,
      "Discontinued": false,
      "ProductName": "Pâté chinois",
      "SupplierID": 25,
      "CategoryID": 6,
      "QuantityPerUnit": "24 boxes x 2 pies",
      "UnitPrice": 24.00,
      "UnitsInStock": 115,
      "UnitsOnOrder": 0,
      "ReorderLevel": 20
    },
    {
      "ProductID": 56,
      "Discontinued": false,
      "ProductName": "Gnocchi di nonna Alice",
      "SupplierID": 26,
      "CategoryID": 5,
      "QuantityPerUnit": "24 - 250 g pkgs.",
      "UnitPrice": 38.00,
      "UnitsInStock": 21,
      "UnitsOnOrder": 10,
      "ReorderLevel": 30
    },
    {
      "ProductID": 57,
      "Discontinued": false,
      "ProductName": "Ravioli Angelo",
      "SupplierID": 26,
      "CategoryID": 5,
      "QuantityPerUnit": "24 - 250 g pkgs.",
      "UnitPrice": 19.50,
      "UnitsInStock": 36,
      "UnitsOnOrder": 0,
      "ReorderLevel": 20
    },
    {
      "ProductID": 58,
      "Discontinued": false,
      "ProductName": "Escar;ts de Bour;gne",
      "SupplierID": 27,
      "CategoryID": 8,
      "QuantityPerUnit": "24 pieces",
      "UnitPrice": 13.25,
      "UnitsInStock": 62,
      "UnitsOnOrder": 0,
      "ReorderLevel": 20
    },
    {
      "ProductID": 59,
      "Discontinued": false,
      "ProductName": "Raclette Courdavault",
      "SupplierID": 28,
      "CategoryID": 4,
      "QuantityPerUnit": "5 kg pkg.",
      "UnitPrice": 55.00,
      "UnitsInStock": 79,
      "UnitsOnOrder": 0,
      "ReorderLevel": 0
    },
    {
      "ProductID": 60,
      "Discontinued": false,
      "ProductName": "Camembert Pierrot",
      "SupplierID": 28,
      "CategoryID": 4,
      "QuantityPerUnit": "15 - 300 g rounds",
      "UnitPrice": 34.00,
      "UnitsInStock": 19,
      "UnitsOnOrder": 0,
      "ReorderLevel": 0
    },
    {
      "ProductID": 61,
      "Discontinued": false,
      "ProductName": "Sirop d'érable",
      "SupplierID": 29,
      "CategoryID": 2,
      "QuantityPerUnit": "24 - 500 ml bottles",
      "UnitPrice": 28.50,
      "UnitsInStock": 113,
      "UnitsOnOrder": 0,
      "ReorderLevel": 25
    },
    {
      "ProductID": 62,
      "Discontinued": false,
      "ProductName": "Tarte au sucre",
      "SupplierID": 29,
      "CategoryID": 3,
      "QuantityPerUnit": "48 pies",
      "UnitPrice": 49.30,
      "UnitsInStock": 17,
      "UnitsOnOrder": 0,
      "ReorderLevel": 0
    },
    {
      "ProductID": 63,
      "Discontinued": false,
      "ProductName": "Vegie-spread",
      "SupplierID": 7,
      "CategoryID": 2,
      "QuantityPerUnit": "15 - 625 g jars",
      "UnitPrice": 43.90,
      "UnitsInStock": 24,
      "UnitsOnOrder": 0,
      "ReorderLevel": 5
    },
    {
      "ProductID": 64,
      "Discontinued": false,
      "ProductName": "Wimmers gute Semmelknödel",
      "SupplierID": 12,
      "CategoryID": 5,
      "QuantityPerUnit": "20 bags x 4 pieces",
      "UnitPrice": 33.25,
      "UnitsInStock": 22,
      "UnitsOnOrder": 80,
      "ReorderLevel": 30
    },
    {
      "ProductID": 65,
      "Discontinued": false,
      "ProductName": "Louisiana Fiery Hot Pepper Sauce",
      "SupplierID": 2,
      "CategoryID": 2,
      "QuantityPerUnit": "32 - 8 oz bottles",
      "UnitPrice": 21.05,
      "UnitsInStock": 76,
      "UnitsOnOrder": 0,
      "ReorderLevel": 0
    },
    {
      "ProductID": 66,
      "Discontinued": false,
      "ProductName": "Louisiana Hot Spiced Okra",
      "SupplierID": 2,
      "CategoryID": 2,
      "QuantityPerUnit": "24 - 8 oz jars",
      "UnitPrice": 17.00,
      "UnitsInStock": 4,
      "UnitsOnOrder": 100,
      "ReorderLevel": 20
    },
    {
      "ProductID": 67,
      "Discontinued": false,
      "ProductName": "Laughing Lumberjack Lager",
      "SupplierID": 16,
      "CategoryID": 1,
      "QuantityPerUnit": "24 - 12 oz bottles",
      "UnitPrice": 14.00,
      "UnitsInStock": 52,
      "UnitsOnOrder": 0,
      "ReorderLevel": 10
    },
    {
      "ProductID": 68,
      "Discontinued": false,
      "ProductName": "Scottish Longbreads",
      "SupplierID": 8,
      "CategoryID": 3,
      "QuantityPerUnit": "10 boxes x 8 pieces",
      "UnitPrice": 12.50,
      "UnitsInStock": 6,
      "UnitsOnOrder": 10,
      "ReorderLevel": 15
    },
    {
      "ProductID": 69,
      "Discontinued": false,
      "ProductName": "Gudbrandsdalsost",
      "SupplierID": 15,
      "CategoryID": 4,
      "QuantityPerUnit": "10 kg pkg.",
      "UnitPrice": 36.00,
      "UnitsInStock": 26,
      "UnitsOnOrder": 0,
      "ReorderLevel": 15
    },
    {
      "ProductID": 70,
      "Discontinued": false,
      "ProductName": "Outback Lager",
      "SupplierID": 7,
      "CategoryID": 1,
      "QuantityPerUnit": "24 - 355 ml bottles",
      "UnitPrice": 15.00,
      "UnitsInStock": 15,
      "UnitsOnOrder": 10,
      "ReorderLevel": 30
    },
    {
      "ProductID": 71,
      "Discontinued": false,
      "ProductName": "Flotemysost",
      "SupplierID": 15,
      "CategoryID": 4,
      "QuantityPerUnit": "10 - 500 g pkgs.",
      "UnitPrice": 21.50,
      "UnitsInStock": 26,
      "UnitsOnOrder": 0,
      "ReorderLevel": 0
    },
    {
      "ProductID": 72,
      "Discontinued": false,
      "ProductName": "Mozzarella di Giovanni",
      "SupplierID": 14,
      "CategoryID": 4,
      "QuantityPerUnit": "24 - 200 g pkgs.",
      "UnitPrice": 34.80,
      "UnitsInStock": 14,
      "UnitsOnOrder": 0,
      "ReorderLevel": 0
    },
    {
      "ProductID": 73,
      "Discontinued": false,
      "ProductName": "Röd Kaviar",
      "SupplierID": 17,
      "CategoryID": 8,
      "QuantityPerUnit": "24 - 150 g jars",
      "UnitPrice": 15.00,
      "UnitsInStock": 101,
      "UnitsOnOrder": 0,
      "ReorderLevel": 5
    },
    {
      "ProductID": 74,
      "Discontinued": false,
      "ProductName": "Longlife Tofu",
      "SupplierID": 4,
      "CategoryID": 7,
      "QuantityPerUnit": "5 kg pkg.",
      "UnitPrice": 10.00,
      "UnitsInStock": 4,
      "UnitsOnOrder": 20,
      "ReorderLevel": 5
    },
    {
      "ProductID": 75,
      "Discontinued": false,
      "ProductName": "Rhönbräu Klosterbier",
      "SupplierID": 12,
      "CategoryID": 1,
      "QuantityPerUnit": "24 - 0.5 l bottles",
      "UnitPrice": 7.75,
      "UnitsInStock": 125,
      "UnitsOnOrder": 0,
      "ReorderLevel": 25
    },
    {
      "ProductID": 76,
      "Discontinued": false,
      "ProductName": "Lakkalikööri",
      "SupplierID": 23,
      "CategoryID": 1,
      "QuantityPerUnit": "500 ml",
      "UnitPrice": 18.00,
      "UnitsInStock": 57,
      "UnitsOnOrder": 0,
      "ReorderLevel": 20
    },
    {
      "ProductID": 77,
      "Discontinued": false,
      "ProductName": "Original Frankfurter grüne Soße",
      "SupplierID": 12,
      "CategoryID": 2,
      "QuantityPerUnit": "12 boxes",
      "UnitPrice": 13.00,
      "UnitsInStock": 32,
      "UnitsOnOrder": 0,
      "ReorderLevel": 15
    }
  ]
}