{
  "name": "AspNetUsers",
  "schema": {
    "columns": [
      {
        "name": "Id",
        "type": "System.String"
      },
      {
        "name": "UserName",
        "type": "System.String"
      },
      {
        "name": "NormalizedUserName",
        "type": "System.String"
      },
      {
        "name": "Email",
        "type": "System.String"
      },
      {
        "name": "NormalizedEmail",
        "type": "System.String"
      },
      {
        "name": "EmailConfirmed",
        "type": "System.Boolean"
      },
      {
        "name": "PasswordHash",
        "type": "System.String"
      },
      {
        "name": "SecurityStamp",
        "type": "System.String"
      },
      {
        "name": "ConcurrencyStamp",
        "type": "System.String"
      },
      {
        "name": "PhoneNumber",
        "type": "System.String"
      },
      {
        "name": "PhoneNumberConfirmed",
        "type": "System.Boolean"
      },
      {
        "name": "TwoFactorEnabled",
        "type": "System.Boolean"
      },
      {
        "name": "LockoutEnd",
        "type": "System.DateTimeOffset"
      },
      {
        "name": "LockoutEnabled",
        "type": "System.Boolean"
      },
      {
        "name": "AccessFailedCount",
        "type": "System.Int32"
      }
    ]
  },
  "data": [
    {
      "Id": "e85333fd-afab-4d35-9f0e-ce1c16988d6c",
      "UserName": "demo@korzh.com",
      "NormalizedUserName": "DEMO@KORZH.COM",
      "Email": "demo@korzh.com",
      "NormalizedEmail": "DEMO@KORZH.COM",
      "EmailConfirmed": true,
      "PasswordHash": "AQAAAAEAACcQAAAAELofGx6REuDNrsV62UFcbra2kExgI5TiEX2C6w2uzx2eyt1SgR1CTah5hT6mUxei1g==",
      "SecurityStamp": "3JCSXMTLLQCFD6JCEWIHPUAN3UPTZREN",
      "ConcurrencyStamp": "509aa5c8-04ae-4f22-b547-792caca97866",
      "PhoneNumberConfirmed": false,
      "TwoFactorEnabled": false,
      "LockoutEnabled": true,
      "AccessFailedCount": 0
    }
  ]
}