{
  "name": "AspNetRoles",
  "schema": {
    "columns": [
      {
        "name": "Id",
        "type": "System.String"
      },
      {
        "name": "Name",
        "type": "System.String"
      },
      {
        "name": "NormalizedName",
        "type": "System.String"
      },
      {
        "name": "ConcurrencyStamp",
        "type": "System.String"
      }
    ]
  },
  "data": [
    {
      "Id": "d47c4d48-abc5-45fc-99d2-43198567249f",
      "Name": "eq-manager",
      "NormalizedName": "EQ-MANAGER",
      "ConcurrencyStamp": "a0589817-758a-4d86-a1f1-27938fea3a56"
    }
  ]
}