﻿{"id":"59fc2a73-0e6c-447c-9aae-a33f8fec5a9b","modelId":"nwind","name":"Empolyee of the year","cols":[{"id":"col-6bg4sbcofdzi","cptn":"First name","srt":0,"expr":{"tag":2,"dtype":1,"kind":2,"val":"Employee.FirstName"}},{"id":"col-q2g4sbcofjcz","cptn":"Last name","srt":0,"expr":{"tag":2,"dtype":1,"kind":2,"val":"Employee.LastName"}},{"id":"col-erg4sbcofok4","cptn":"Title","srt":0,"expr":{"tag":2,"dtype":1,"kind":2,"val":"Employee.Title"}},{"id":"col-jcg4sbcofrca","cptn":"Home phone","srt":0,"expr":{"tag":2,"dtype":1,"kind":2,"val":"Employee.HomePhone"}},{"id":"col-05g4sbcofu6s","cptn":"Unit price Sum","srt":2,"srtidx":0,"expr":{"tag":4,"dtype":8,"kind":0,"func":"SUM","distinct":false,"args":[{"tag":2,"dtype":8,"kind":2,"val":"OrderDetail.UnitPrice"}]}}],"justsortcols":[],"root":{"linking":3,"conds":[{"tag":1,"op":"DateWithinThisYear","exprs":[{"tag":2,"dtype":12,"kind":2,"val":"Order.OrderDate"}]},{"tag":1,"op":"Equal","exprs":[{"tag":2,"dtype":1,"kind":2,"val":"Customer.Country"},{"tag":1,"dtype":1,"kind":0,"val":"USA","txt":"USA"}]}]},"extraData":{},"innerData":{"aggr":{"groups":[],"ugt":false,"urc":false,"csg":false,"aggregates":[],"enabled":false}}}