﻿{"id":"bb0b3e5a-294e-4088-acaa-1ff1f3731843","modelId":"nwind","name":"Sales by product (this year)","cols":[{"id":"col-jqacfja1zt8x","cptn":"Name","srt":0,"expr":{"tag":2,"dtype":1,"kind":2,"val":"Product.Name"}},{"id":"col-q8acfja20hf8","cptn":"Freight Sum","srt":2,"srtidx":0,"expr":{"tag":4,"dtype":8,"kind":0,"func":"SUM","distinct":false,"args":[{"tag":2,"dtype":8,"kind":2,"val":"Order.Freight"}]}}],"justsortcols":[],"root":{"linking":3,"conds":[{"tag":1,"op":"DateWithinThisYear","exprs":[{"tag":2,"dtype":12,"kind":2,"val":"Order.OrderDate"}]},{"tag":1,"op":"Equal","exprs":[{"tag":2,"dtype":1,"kind":2,"val":"Customer.Country"},{"tag":1,"dtype":1,"kind":0,"val":"USA","txt":"USA"}]}]},"extraData":{},"innerData":{"aggr":{"groups":[],"ugt":false,"urc":false,"csg":false,"aggregates":[],"enabled":false}}}