﻿{
  "id": "fee014cd-ad47-4a33-9c16-4cdf903bfbd2",
  "modelId": "nwind",
  "name": "Sales by countries (last year)",
  "desc": null,
  "cols": [
    {
      "cptn": "Country",
      "srt": 1,
      "srtidx": 0,
      "expr": {
        "tag": 2,
        "dtype": 1,
        "kind": 2,
        "id": "Customer.Country"
      }
    },
    {
      "cptn": "Freight Sum",
      "srt": 0,
      "expr": {
        "tag": 4,
        "dtype": 8,
        "kind": 0,
        "func": "SUM",
        "distinct": false,
        "args": [
          {
            "tag": 2,
            "dtype": 8,
            "kind": 2,
            "id": "Order.Freight"
          }
        ]
      }
    }
  ],
  "justsortcols": [],
  "root": {
    "linking": 3,
    "conds": [
      {
        "tag": 1,
        "op": "DateWithinPrevYear",
        "exprs": [
          {
            "tag": 2,
            "dtype": 12,
            "kind": 2,
            "id": "Order.OrderDate"
          }
        ]
      }
    ]
  }
}