﻿{"id":"quer-i4fcapfcw0","modelId":"nwind","name":"Sales by Category (this year)","cols":[{"id":"col-o7fca026f4","cptn":"Category","srt":0,"expr":{"tag":2,"dtype":1,"kind":2,"val":"Category.CategoryName"}},{"id":"col-q8acfja20hf8","cptn":"Freight Sum","srt":2,"srtidx":0,"expr":{"tag":4,"dtype":8,"kind":0,"func":"SUM","distinct":false,"args":[{"tag":2,"dtype":8,"kind":2,"val":"Order.Freight"}]}}],"justsortcols":[],"root":{"linking":3,"conds":[{"tag":1,"op":"DateWithinThisYear","exprs":[{"tag":2,"dtype":12,"kind":2,"val":"Order.OrderDate"}]},{"tag":1,"op":"Equal","exprs":[{"tag":2,"dtype":1,"kind":2,"val":"Customer.Country"},{"tag":1,"dtype":1,"kind":0,"val":"USA","txt":"USA"}]}]},"extraData":{},"innerData":{"aggr":{"groups":[],"ugt":false,"urc":false,"csg":false,"aggregates":[],"enabled":false}}}